Original Data,Normalized Data
20,4.86667
75,10
34,6.17333
55,8.13333
63,8.88
Original Data,Normalized Data
20,18
75,40
34,23.6
55,32
63,35.2
