Data ,Normalized Data
25,2
65,2.54795
89,2.87671
36,2.15068
55,2.41096
28,2.0411
98,3
